Taxón,PNS NIEVES,PNS NEVADA,PN DOÑANA,Recolectada en sierra nevada,rbcl,trnH,MatK,ITS
Abies pinsapo,1,0,0,#N/A,#N/A,#N/A,#N/A,#N/A
Acer granatense,1,0,0,#N/A,#N/A,#N/A,#N/A,#N/A
Acer monspessulanum,1,1,0,S,1,1,1,1
Acer opalus granatense,0,1,0,S,1,1,1,1
Achillea ageratum,1,1,1,N,#N/A,#N/A,#N/A,#N/A
Achillea millefolium,0,1,0,S,1,1,1,1
Achillea odorata,0,1,0,S,1,1,1,1
Acinos alpinus,0,1,0,S,1,1,1,Hongo 
Acinos alpinus meridionalis,1,0,0,#N/A,#N/A,#N/A,#N/A,#N/A
Acinos rotundifolius,1,0,0,#N/A,#N/A,#N/A,#N/A,#N/A
Adenocarpus complicatus,0,0,1,#N/A,#N/A,#N/A,#N/A,#N/A
Adenocarpus decorticans,0,1,0,S,1,1,1,1
Adenocarpus gibbsianus,0,0,1,#N/A,#N/A,#N/A,#N/A,#N/A
Adenocarpus telonensis,1,0,1,#N/A,#N/A,#N/A,#N/A,#N/A
Aethionema marginatum,1,0,0,#N/A,#N/A,#N/A,#N/A,#N/A
Ailanthus altissima,1,0,0,#N/A,#N/A,#N/A,#N/A,#N/A
Ajuga iva,1,0,1,#N/A,#N/A,#N/A,#N/A,#N/A
Alnus glutinosa,1,1,0,S,1,1,1,1
Alyssum atlanticum,1,0,0,#N/A,#N/A,#N/A,#N/A,#N/A
Alyssum montanum,1,1,0,N,#N/A,#N/A,#N/A,#N/A
Alyssum nevadense,0,1,0,S,#N/A,#N/A,#N/A,#N/A
Alyssum serpyllifolium,1,1,0,S,1,0,0,0
Amelanchier ovalis,0,1,0,S,1,1,1,1
Anagallis monelli,1,0,0,#N/A,#N/A,#N/A,#N/A,#N/A
Anagyris foetida,1,1,1,N,#N/A,#N/A,#N/A,#N/A
Androsace vandellii,0,1,0,N,#N/A,#N/A,#N/A,#N/A
Androsace vitaliana nevadensis,0,1,0,S,1,1,1,1
Andryala agardhii,0,1,0,S,1,1,1,1
Andryala ragusina,1,0,0,#N/A,#N/A,#N/A,#N/A,#N/A
Antennaria dioica,0,1,0,N,#N/A,#N/A,#N/A,#N/A
Anthyllis cytisoides,1,1,1,S,1,1,1,1
Anthyllis gerardii,1,0,0,#N/A,#N/A,#N/A,#N/A,#N/A
Anthyllis podocephala,1,0,0,#N/A,#N/A,#N/A,#N/A,#N/A
Anthyllis tejedensis tejedensis,0,1,0,S,1,1,1,1
Anthyllis terniflora,0,1,0,N,#N/A,#N/A,#N/A,#N/A
Anthyllis vulneraria arundana,1,0,0,#N/A,#N/A,#N/A,#N/A,#N/A
Anthyllis vulneraria gandogeri,0,0,1,#N/A,#N/A,#N/A,#N/A,#N/A
Anthyllis vulneraria maura,1,0,0,#N/A,#N/A,#N/A,#N/A,#N/A
Anthyllis vulneraria reuteri,1,0,0,#N/A,#N/A,#N/A,#N/A,#N/A
Antirrhinum hispanicum,0,1,0,S,1,1,1,1
Antirrhinum litigiosum,0,1,0,N,#N/A,#N/A,#N/A,#N/A
Antirrhinum mollissimum,0,1,0,N,#N/A,#N/A,#N/A,#N/A
Arbutus unedo,1,1,1,S,1,1,1,1
Arceuthobium oxycedri,0,1,1,N,#N/A,#N/A,#N/A,#N/A
Arctostaphylos uvaursi,0,1,0,N,#N/A,#N/A,#N/A,#N/A
Arenaria armerina,1,0,0,#N/A,#N/A,#N/A,#N/A,#N/A
Arenaria armerina armerina,0,1,0,S,1,1,1,1
Arenaria armerina caesia,0,1,0,S,1,1,1,1
Arenaria erinacea,1,0,0,#N/A,#N/A,#N/A,#N/A,#N/A
Arenaria grandiflora grandiflora,0,1,0,S,1,0,1,1
Arenaria pungens pungens,0,1,0,S,1,1,1,1
Arenaria tetraquetra amabilis,0,1,0,S,1,1,1,1
Arenaria tetraquetra murcica,0,1,0,S,1,1,1,1
Argantoniella salzmannii,0,0,1,#N/A,#N/A,#N/A,#N/A,#N/A
Argyrolobium zanoii,1,0,0,#N/A,#N/A,#N/A,#N/A,#N/A
Argyrolobium zanonii zanonii,0,1,0,S,1,1,1,1
Aristolochia baetica,1,1,1,S,1,1,1,0
Armeria filicaulis nevadensis,0,1,0,S,1,1,1,1
Armeria filicaulis trevenqueana,0,1,0,S,1,1,1,1
Armeria gaditana,0,0,1,#N/A,#N/A,#N/A,#N/A,#N/A
Armeria hirta,0,0,1,#N/A,#N/A,#N/A,#N/A,#N/A
Armeria hispalensis,0,0,1,#N/A,#N/A,#N/A,#N/A,#N/A
Armeria linkiana,0,0,1,#N/A,#N/A,#N/A,#N/A,#N/A
Armeria macrophylla,0,0,1,#N/A,#N/A,#N/A,#N/A,#N/A
Armeria pungens,0,0,1,#N/A,#N/A,#N/A,#N/A,#N/A
Armeria velutina,0,0,1,#N/A,#N/A,#N/A,#N/A,#N/A
Armeria villosa bernisii,0,1,0,N,#N/A,#N/A,#N/A,#N/A
Armeria villosa carratracensis,1,0,0,#N/A,#N/A,#N/A,#N/A,#N/A
Armeria villosa longiaristata,1,1,0,N,#N/A,#N/A,#N/A,#N/A
Armeria villosa villosa,1,0,0,#N/A,#N/A,#N/A,#N/A,#N/A
Artemisia absinthium,0,1,0,S,1,1,1,1
Artemisia alba nevadensis,0,1,0,S,1,1,1,1
Artemisia barrelieri,0,1,0,S,1,0,1,1
Artemisia caerulescens caerulescens,0,0,1,#N/A,#N/A,#N/A,#N/A,#N/A
Artemisia campestris glutinosa,1,1,0,S,1,1,1,1
Artemisia campestris maritima,0,0,1,#N/A,#N/A,#N/A,#N/A,#N/A
Artemisia chamaemelifolia,0,1,0,S,1,1,1,1
Artemisia granatensis,0,1,0,S,1,1,1,1
Artemisia herbaalba,0,1,0,S,1,1,1,1
Artemisia umbelliformis,0,1,0,S,1,1,1,1
Arthrocnemum macrostachyum,0,0,1,#N/A,#N/A,#N/A,#N/A,#N/A
Asparagus acutifolius,1,1,1,S,1,1,1,1
Asparagus albus,1,1,1,S,1,1,1,1
Asparagus aphyllus,1,0,1,#N/A,#N/A,#N/A,#N/A,#N/A
Asparagus horridus,1,1,0,S,1,1,1,1
Asperula aristata scabra,1,1,0,S,#N/A,#N/A,#N/A,#N/A
Asperula hirsuta,1,0,0,#N/A,#N/A,#N/A,#N/A,#N/A
Asphodelus macrocarpus rubescens,0,0,1,#N/A,#N/A,#N/A,#N/A,#N/A
Asphodelus ramosus distalis,0,0,1,#N/A,#N/A,#N/A,#N/A,#N/A
Astragalus alopecuroides,1,0,0,#N/A,#N/A,#N/A,#N/A,#N/A
Astragalus clusianus,0,1,0,S,1,1,1,1
Astragalus granatensis,0,1,0,S,1,1,1,1
Astragalus nevadensis nevadensis,0,1,0,S,1,1,1,1
Astragalus sempervirens nevadensis,1,0,0,#N/A,#N/A,#N/A,#N/A,#N/A
Astragalus vesicarius,0,1,0,N,#N/A,#N/A,#N/A,#N/A
Atriplex glauca,0,1,0,N,#N/A,#N/A,#N/A,#N/A
Atriplex halimus,0,1,1,S,1,1,1,1
Ballota hirsuta,1,1,1,S,1,1,1,0
Ballota nigra,0,1,0,N,#N/A,#N/A,#N/A,#N/A
Berberis hispanica,0,1,0,S,1,1,1,1
Berberis vulgaris australis,1,0,0,#N/A,#N/A,#N/A,#N/A,#N/A
Betula pendula fontqueri,0,1,0,S,1,1,0,0
Biscutella frutescens,1,0,0,#N/A,#N/A,#N/A,#N/A,#N/A
Biscutella glacialis,0,1,0,S,1,1,1,1
Biscutella variegata,0,1,0,S,1,1,1,1
Brachypodium phoenicoides,1,0,0,#N/A,#N/A,#N/A,#N/A,#N/A
Brachypodium retusum,1,0,0,#N/A,#N/A,#N/A,#N/A,#N/A
Brachypodium retusum boissieri,0,1,0,S,1,0,1,0
Brachypodium retusum retusum,0,1,1,S,1,0,1,0
Brachypodium sylvaticum,1,0,0,#N/A,#N/A,#N/A,#N/A,#N/A
Brassica repanda,1,0,0,#N/A,#N/A,#N/A,#N/A,#N/A
Brassica repanda bllancoana,0,1,0,S,#N/A,#N/A,#N/A,#N/A
Bupleurum acutifolium,1,0,0,#N/A,#N/A,#N/A,#N/A,#N/A
Bupleurum fruticescens,0,1,0,N,#N/A,#N/A,#N/A,#N/A
Bupleurum fruticosum,1,1,0,S,1,1,1,1
Bupleurum gibraltaricum,0,1,0,S,1,1,1,1
Bupleurum gibraltarium,1,0,0,#N/A,#N/A,#N/A,#N/A,#N/A
Bupleurum rigidum paniculatum,1,0,1,#N/A,#N/A,#N/A,#N/A,#N/A
Bupleurum rigidum rigidum,1,0,0,#N/A,#N/A,#N/A,#N/A,#N/A
Bupleurum spinosum,1,1,0,S,1,1,1,1
Calamintha nepeta glandulosa,1,0,0,#N/A,#N/A,#N/A,#N/A,#N/A
Calamintha nepeta nepeta,0,0,1,#N/A,#N/A,#N/A,#N/A,#N/A
Calamintha sylvatica adscendens,1,0,0,#N/A,#N/A,#N/A,#N/A,#N/A
Calendula suffruticosa,1,0,0,#N/A,#N/A,#N/A,#N/A,#N/A
Calendula suffruticosa lusitanica,0,0,1,#N/A,#N/A,#N/A,#N/A,#N/A
Calendula suffruticosa suffruticosa,0,0,1,#N/A,#N/A,#N/A,#N/A,#N/A
Calendula suffruticosa tomentosa,0,0,1,#N/A,#N/A,#N/A,#N/A,#N/A
Calicotome villosa,1,0,1,#N/A,#N/A,#N/A,#N/A,#N/A
Calluna vulgaris,1,0,1,#N/A,#N/A,#N/A,#N/A,#N/A
Campanula rapunculus,1,0,0,#N/A,#N/A,#N/A,#N/A,#N/A
Campanula velutina,1,0,0,#N/A,#N/A,#N/A,#N/A,#N/A
Capparis spinosa spinosa,0,1,1,S,1,1,1,0
Carduncellus caeruleus,0,0,1,#N/A,#N/A,#N/A,#N/A,#N/A
Carduncellus caeruleus caeruleus,1,0,0,#N/A,#N/A,#N/A,#N/A,#N/A
Carduncellus monspelliensium,1,0,0,#N/A,#N/A,#N/A,#N/A,#N/A
Carthamus arborescens,1,0,0,#N/A,#N/A,#N/A,#N/A,#N/A
Carum verticillatum,0,0,1,#N/A,#N/A,#N/A,#N/A,#N/A
Castanea sativa,1,0,0,#N/A,#N/A,#N/A,#N/A,#N/A
Catananche caerulea,1,0,0,#N/A,#N/A,#N/A,#N/A,#N/A
Cedrus atlantica,1,0,0,#N/A,#N/A,#N/A,#N/A,#N/A
Celtis australis,1,1,1,S,1,1,1,0
Centaurea alba macrocephala,0,0,1,#N/A,#N/A,#N/A,#N/A,#N/A
Centaurea aspera aspera,1,0,1,#N/A,#N/A,#N/A,#N/A,#N/A
Centaurea aspera scorpiurifolia,0,0,1,#N/A,#N/A,#N/A,#N/A,#N/A
Centaurea bombycina xeranthemoides,0,1,0,S,#N/A,#N/A,#N/A,#N/A
Centaurea castellanoides,1,0,0,#N/A,#N/A,#N/A,#N/A,#N/A
Centaurea clementei,1,0,0,#N/A,#N/A,#N/A,#N/A,#N/A
Centaurea cordubensis cordubensis,0,0,1,#N/A,#N/A,#N/A,#N/A,#N/A
Centaurea exarata,0,0,1,#N/A,#N/A,#N/A,#N/A,#N/A
Centaurea ornata,1,0,0,#N/A,#N/A,#N/A,#N/A,#N/A
Centaurea prolongoi,1,0,0,#N/A,#N/A,#N/A,#N/A,#N/A
Centaurea sphaerocephala,0,0,1,#N/A,#N/A,#N/A,#N/A,#N/A
Centranthus nevadensis,1,1,0,S,1,1,1,1
Cephalaria linearifolia,0,1,0,N,#N/A,#N/A,#N/A,#N/A
Cerastium gibraltaricum,1,1,0,S,1,0,1,0
Ceratonia siliqua,1,1,1,S,1,1,1,1
Chamaerops humilis,1,0,1,#N/A,#N/A,#N/A,#N/A,#N/A
Chamaespartium undulatum,0,1,0,S,1,1,1,1
Cistus albidus,1,1,1,S,1,1,1,1
Cistus clusii clusii,0,1,0,S,1,0,1,0
Cistus crispus,1,0,1,#N/A,#N/A,#N/A,#N/A,#N/A
Cistus ladanifer,0,1,1,S,1,1,1,1
Cistus ladanifer africanus,1,0,0,#N/A,#N/A,#N/A,#N/A,#N/A
Cistus ladanifer ladanifer,1,0,0,#N/A,#N/A,#N/A,#N/A,#N/A
Cistus laurifolius,1,1,0,S,1,1,1,1
Cistus libanotis,0,0,1,#N/A,#N/A,#N/A,#N/A,#N/A
Cistus monspeliensis,1,1,1,S,1,0,1,0
Cistus populifolius,0,1,0,N,#N/A,#N/A,#N/A,#N/A
Cistus populifolius major,1,0,0,#N/A,#N/A,#N/A,#N/A,#N/A
Cistus populifolius populifolius,1,0,1,#N/A,#N/A,#N/A,#N/A,#N/A
Cistus psilosepalus,0,0,1,#N/A,#N/A,#N/A,#N/A,#N/A
Cistus salvifolius,1,0,0,#N/A,#N/A,#N/A,#N/A,#N/A
Cistus salviifolius,0,1,1,S,1,1,1,1
Clematis cirrhosa,1,1,1,N,#N/A,#N/A,#N/A,#N/A
Clematis flammula,1,1,1,S,1,1,1,1
Clematis vitalba,1,1,0,S,1,1,1,1
Colutea hispanica,0,1,0,S,1,1,1,1
Convolvulus boissieri,0,1,0,S,1,1,1,1
Convolvulus boissieri boissieri,1,0,0,#N/A,#N/A,#N/A,#N/A,#N/A
Convolvulus lanuginosus,1,1,0,S,1,1,1,1
Convolvulus lineatus,1,0,0,#N/A,#N/A,#N/A,#N/A,#N/A
Corema album,0,0,1,#N/A,#N/A,#N/A,#N/A,#N/A
Coriaria myrtifolia,1,1,0,S,1,1,1,1
Coris monspeliensis,1,0,0,#N/A,#N/A,#N/A,#N/A,#N/A
Coris monspeliensis monspeliensis,0,1,0,S,1,1,1,1
Cornus sanguinea sanguinea,0,1,0,N,#N/A,#N/A,#N/A,#N/A
Coronilla glauca,0,1,0,N,#N/A,#N/A,#N/A,#N/A
Coronilla juncea,1,1,1,S,1,1,1,1
Coronilla minima,0,1,0,N,#N/A,#N/A,#N/A,#N/A
Coronilla valentina,1,0,0,#N/A,#N/A,#N/A,#N/A,#N/A
Corrigiola telephiifolia,1,0,1,#N/A,#N/A,#N/A,#N/A,#N/A
Cotoneaster granatensis,1,1,0,S,1,0,1,0
Crataegus granatensis,1,1,0,N,#N/A,#N/A,#N/A,#N/A
Crataegus monogyna,1,1,1,S,1,1,1,1
Crithmum maritimum,0,0,1,#N/A,#N/A,#N/A,#N/A,#N/A
Crucianella maritima,0,0,1,#N/A,#N/A,#N/A,#N/A,#N/A
Cydonia oblonga,1,0,0,#N/A,#N/A,#N/A,#N/A,#N/A
Cytisus arboreus catalaunicus,0,1,0,N,#N/A,#N/A,#N/A,#N/A
Cytisus baeticus,1,0,0,#N/A,#N/A,#N/A,#N/A,#N/A
Cytisus fontanesii fontanesii,0,1,1,S,1,1,1,1
Cytisus fontanesii plumosus,1,0,0,#N/A,#N/A,#N/A,#N/A,#N/A
Cytisus galianoi,0,1,0,S,1,1,1,1
Cytisus grandiflorus,1,0,0,#N/A,#N/A,#N/A,#N/A,#N/A
Cytisus grandiflorus cabezudoi,0,0,1,#N/A,#N/A,#N/A,#N/A,#N/A
Cytisus grandiflorus grandiflorus,0,1,1,N,#N/A,#N/A,#N/A,#N/A
Cytisus malacitanus,1,1,0,N,#N/A,#N/A,#N/A,#N/A
Cytisus scoparius reverchonii,0,1,0,S,1,1,1,1
Cytisus scoparius scoparius,0,1,1,S,1,1,1,1
Cytisus villosus,1,0,0,#N/A,#N/A,#N/A,#N/A,#N/A
Daphne gnidium,1,1,1,S,1,1,0,0
Daphne laureola,0,1,0,N,#N/A,#N/A,#N/A,#N/A
Daphne laureola latifolia,1,0,0,#N/A,#N/A,#N/A,#N/A,#N/A
Daphne oleoides,0,1,0,S,1,1,1,1
Delphinium pentagynum,1,0,1,#N/A,#N/A,#N/A,#N/A,#N/A
Dianthus anticarius,1,0,0,#N/A,#N/A,#N/A,#N/A,#N/A
Dianthus boissieri,1,0,0,#N/A,#N/A,#N/A,#N/A,#N/A
Dianthus brachyanthus,0,1,0,S,1,1,0,0
Dianthus broteri,1,1,1,S,1,1,1,1
Dianthus hispanicus,0,1,0,S,0,0,0,0
Dianthus lusitanus,1,1,0,S,1,1,1,1
Dianthus pungens,1,0,0,#N/A,#N/A,#N/A,#N/A,#N/A
Dictamnus albus,0,1,0,S,1,1,1,1
Digitalis obscura laciniata,1,0,0,#N/A,#N/A,#N/A,#N/A,#N/A
Digitalis obscura obscura,1,1,0,S,1,1,1,1
Diplotaxis harra lagascana,0,1,0,N,#N/A,#N/A,#N/A,#N/A
Dittrichia graveolens,1,0,1,#N/A,#N/A,#N/A,#N/A,#N/A
Dittrichia viscosa,1,1,1,S,1,1,1,1
Dorycnium pentaphyllum,1,1,1,S,1,1,1,1
Dorycnium rectum,1,0,1,#N/A,#N/A,#N/A,#N/A,#N/A
Dorycnopsis gerardi,0,0,1,#N/A,#N/A,#N/A,#N/A,#N/A
Draba hispanica hispanica,0,1,0,N,#N/A,#N/A,#N/A,#N/A
Draba hispanica laderoi,0,1,0,S,1,1,1,1
Ecballium elaterium,0,0,1,#N/A,#N/A,#N/A,#N/A,#N/A
Echinospartum boissieri,1,1,0,S,1,1,1,1
Echium albicans albicans,0,1,0,S,1,0,0,0
Ephedra distachya,1,0,0,#N/A,#N/A,#N/A,#N/A,#N/A
Ephedra fragilis,1,0,0,#N/A,#N/A,#N/A,#N/A,#N/A
Ephedra fragilis fragilis,0,1,0,S,1,1,0,0
Ephedra nebrodensis,0,1,0,N,#N/A,#N/A,#N/A,#N/A
Epilobium tetragonum,1,0,0,#N/A,#N/A,#N/A,#N/A,#N/A
Epilobium tetragonum tetragonum,0,0,1,#N/A,#N/A,#N/A,#N/A,#N/A
Epilobium tetragonum tournefortii,1,0,0,#N/A,#N/A,#N/A,#N/A,#N/A
Erica andevalensis,0,0,1,#N/A,#N/A,#N/A,#N/A,#N/A
Erica arborea,1,0,0,#N/A,#N/A,#N/A,#N/A,#N/A
Erica australis,1,0,0,#N/A,#N/A,#N/A,#N/A,#N/A
Erica ciliaris,0,0,1,#N/A,#N/A,#N/A,#N/A,#N/A
Erica erigena,1,1,0,S,0,0,0,0
Erica scoparia,1,0,0,#N/A,#N/A,#N/A,#N/A,#N/A
Erica scoparia scoparia,0,0,1,#N/A,#N/A,#N/A,#N/A,#N/A
Erica terminalis,1,1,0,S,1,1,1,1
Erica umbellata,1,0,1,#N/A,#N/A,#N/A,#N/A,#N/A
Erigeron karvinskianus,1,0,0,#N/A,#N/A,#N/A,#N/A,#N/A
Erinacea anthyllis,1,0,0,#N/A,#N/A,#N/A,#N/A,#N/A
Erinacea anthyllis anthyllis,0,1,0,S,1,1,1,1
Erodium boissieri,0,1,0,S,1,1,1,1
Erodium cheilanthifolium,1,1,0,S,1,1,1,1
Eryngium aquifolium,0,0,1,#N/A,#N/A,#N/A,#N/A,#N/A
Eryngium campestre,1,0,1,#N/A,#N/A,#N/A,#N/A,#N/A
Eryngium dilatatum,1,0,1,#N/A,#N/A,#N/A,#N/A,#N/A
Eryngium maritimum,0,0,1,#N/A,#N/A,#N/A,#N/A,#N/A
Eryngium tricuspidatum,1,0,0,#N/A,#N/A,#N/A,#N/A,#N/A
Erysimum cheiri,1,0,0,#N/A,#N/A,#N/A,#N/A,#N/A
Especie Subespecie,1,0,0,#N/A,#N/A,#N/A,#N/A,#N/A
Eucalyptus camaldulensis,1,0,0,#N/A,#N/A,#N/A,#N/A,#N/A
Eucalyptus globulus,1,0,0,#N/A,#N/A,#N/A,#N/A,#N/A
Euphorbia characias,1,0,0,#N/A,#N/A,#N/A,#N/A,#N/A
Euphorbia characias characias,0,1,0,S,1,1,1,1
Euphorbia clementei clementei,1,0,1,#N/A,#N/A,#N/A,#N/A,#N/A
Euphorbia flavicoma,1,0,0,#N/A,#N/A,#N/A,#N/A,#N/A
Euphorbia flavicoma flavicoma,0,1,0,N,#N/A,#N/A,#N/A,#N/A
Euphorbia nicaeensis nicaeensis,0,1,1,S,1,0,1,0
Euphorbia paralias,0,0,1,#N/A,#N/A,#N/A,#N/A,#N/A
Euphorbia serrata,1,1,1,N,#N/A,#N/A,#N/A,#N/A
Euphorbia squamigera,1,1,0,N,#N/A,#N/A,#N/A,#N/A
Fagonia cretica,0,1,0,S,1,1,0,0
Festuca scariosa,1,1,0,S,1,1,1,1
Ficus carica,1,0,0,#N/A,#N/A,#N/A,#N/A,#N/A
Flueggea tinctoria,0,0,1,#N/A,#N/A,#N/A,#N/A,#N/A
Frangula alnus alnus,0,1,0,N,#N/A,#N/A,#N/A,#N/A
Frangula alnus baetica,0,0,1,#N/A,#N/A,#N/A,#N/A,#N/A
Frankenia boissieri,0,0,1,#N/A,#N/A,#N/A,#N/A,#N/A
Frankenia corymbosa,0,1,0,N,#N/A,#N/A,#N/A,#N/A
Frankenia laevis,0,0,1,#N/A,#N/A,#N/A,#N/A,#N/A
Frankenia pulverulenta,0,1,1,N,#N/A,#N/A,#N/A,#N/A
Frankenia thymifolia.,0,1,0,N,#N/A,#N/A,#N/A,#N/A
Fraxinus angustifolia,0,1,1,S,1,1,1,1
Fraxinus angustifolia angustifolia,1,0,0,#N/A,#N/A,#N/A,#N/A,#N/A
Fumana baetica,0,1,0,N,#N/A,#N/A,#N/A,#N/A
Fumana ericifolia,1,1,0,S,1,1,1,1
Fumana ericoides,1,1,0,S,1,1,1,0
Fumana hispidula,0,1,0,S,1,1,1,Hongo
Fumana juniperina,0,0,1,#N/A,#N/A,#N/A,#N/A,#N/A
Fumana laevipes,1,1,1,N,#N/A,#N/A,#N/A,#N/A
Fumana paradoxa,0,1,0,N,#N/A,#N/A,#N/A,#N/A
Fumana procumbens,0,1,0,S,1,1,1,1
Fumana thymifolia,1,1,1,S,1,1,1,1
Galium baeticum,1,1,0,N,#N/A,#N/A,#N/A,#N/A
Galium boisseranum,0,1,0,N,#N/A,#N/A,#N/A,#N/A
Galium boisserianum,1,0,0,#N/A,#N/A,#N/A,#N/A,#N/A
Galium concatenatum,0,0,1,#N/A,#N/A,#N/A,#N/A,#N/A
Galium ephedroides,0,1,0,S,1,1,1,1
Galium lucidum lucidum,0,0,1,#N/A,#N/A,#N/A,#N/A,#N/A
Galium moralesianum,0,1,0,S,1,1,1,1
Galium nevadense,1,0,0,#N/A,#N/A,#N/A,#N/A,#N/A
Galium pruinosum,0,1,0,S,1,1,1,1
Galium pulvinatum,1,0,0,#N/A,#N/A,#N/A,#N/A,#N/A
Galium tunetanum,1,0,0,#N/A,#N/A,#N/A,#N/A,#N/A
Galium verum,1,0,0,#N/A,#N/A,#N/A,#N/A,#N/A
Genista ancistrocarpa,0,0,1,#N/A,#N/A,#N/A,#N/A,#N/A
Genista cinerea,1,1,1,S,1,0,1,0
Genista florida,0,1,0,S,1,1,1,1
Genista hirsuta,1,0,0,#N/A,#N/A,#N/A,#N/A,#N/A
Genista hirsuta hirsuta,0,0,1,#N/A,#N/A,#N/A,#N/A,#N/A
Genista lanuginosa,1,0,0,#N/A,#N/A,#N/A,#N/A,#N/A
Genista longipes longipes,0,1,0,N,#N/A,#N/A,#N/A,#N/A
Genista longipes viciosoi,1,1,0,N,#N/A,#N/A,#N/A,#N/A
Genista monspessulana,1,0,0,#N/A,#N/A,#N/A,#N/A,#N/A
Genista polyanthos,0,0,1,#N/A,#N/A,#N/A,#N/A,#N/A
Genista ramosissima,0,1,0,N,#N/A,#N/A,#N/A,#N/A
Genista scorpius,0,1,0,S,1,1,1,1
Genista spartioides,0,1,0,S,1,1,1,1
Genista triacanthos,0,0,1,#N/A,#N/A,#N/A,#N/A,#N/A
Genista triacanthos triacanthos,1,0,0,#N/A,#N/A,#N/A,#N/A,#N/A
Genista tridens juniperina,0,0,1,#N/A,#N/A,#N/A,#N/A,#N/A
Genista tridens tridens,0,0,1,#N/A,#N/A,#N/A,#N/A,#N/A
Genista umbellata,1,0,0,#N/A,#N/A,#N/A,#N/A,#N/A
Genista umbellata equisetiformis,0,1,0,S,1,1,1,1
Genista umbellata umbellata,0,1,0,S,1,1,1,1
Genista versicolor,0,1,0,S,1,1,1,1
Geum heterocarpum,1,0,0,#N/A,#N/A,#N/A,#N/A,#N/A
Globularia alypum,0,1,1,N,#N/A,#N/A,#N/A,#N/A
Gnaphalium supinum,0,1,0,S,#N/A,#N/A,#N/A,#N/A
Halimione portulacoides,0,0,1,#N/A,#N/A,#N/A,#N/A,#N/A
Halimium atripicifolium atriplicifolium,1,0,0,#N/A,#N/A,#N/A,#N/A,#N/A
Halimium atriplicifolium atriplicifolium,0,1,1,S,1,1,1,1
Halimium calycinum,0,0,1,#N/A,#N/A,#N/A,#N/A,#N/A
Halimium halimifolium,1,0,0,#N/A,#N/A,#N/A,#N/A,#N/A
Halimium halimifolium halimifolium,0,0,1,#N/A,#N/A,#N/A,#N/A,#N/A
Halimium halimifolium multiflorum,0,0,1,#N/A,#N/A,#N/A,#N/A,#N/A
Halimium lasianthum lasianthum,0,0,1,#N/A,#N/A,#N/A,#N/A,#N/A
Halimium umbellatum viscosum,0,1,0,S,1,0,0,0
Hammada articulata,0,1,0,S,1,1,1,1
Haplophyllum linifolium,0,1,1,N,#N/A,#N/A,#N/A,#N/A
Haplophyllum rosmarinifolium,0,1,0,N,#N/A,#N/A,#N/A,#N/A
Hedera helix,1,1,0,S,1,1,1,1
Hedysarum boveanum europaeum,0,1,0,N,#N/A,#N/A,#N/A,#N/A
Hedysarum humile,1,0,0,#N/A,#N/A,#N/A,#N/A,#N/A
Helianthemum apenninum apenninum,0,1,0,N,#N/A,#N/A,#N/A,#N/A
Helianthemum apenninum cavanillesianum,0,1,0,N,#N/A,#N/A,#N/A,#N/A
Helianthemum apenninum estevei,0,1,0,S,1,0,1,0
Helianthemum apenninum stoechadifolium,0,1,1,N,#N/A,#N/A,#N/A,#N/A
Helianthemum apenninum suffruticosum,0,1,0,S,1,0,1,0
Helianthemum appenninum appenninum,1,0,0,#N/A,#N/A,#N/A,#N/A,#N/A
Helianthemum appenninum stoechadifolium,1,0,0,#N/A,#N/A,#N/A,#N/A,#N/A
Helianthemum appenninum suffruticosum,1,0,0,#N/A,#N/A,#N/A,#N/A,#N/A
Helianthemum asperum,1,0,0,#N/A,#N/A,#N/A,#N/A,#N/A
Helianthemum cinereum cinereum,0,1,0,S,1,1,1,1
Helianthemum cinereum rotundifolium,1,1,0,S,1,1,1,1
Helianthemum hirtum,1,1,1,N,#N/A,#N/A,#N/A,#N/A
Helianthemum marifolium andalusicum,1,1,0,N,#N/A,#N/A,#N/A,#N/A
Helianthemum marifolium marifolium,1,0,1,#N/A,#N/A,#N/A,#N/A,#N/A
Helianthemum marifolium origanifolium,0,1,0,N,#N/A,#N/A,#N/A,#N/A
Helianthemum neopiliferum,0,1,0,S,1,0,1,0
Helianthemum nummularium,0,1,0,N,#N/A,#N/A,#N/A,#N/A
Helianthemum oelandicum incanum,0,1,0,S,1,1,1,1
Helianthemum pannosum,0,1,0,S,1,1,1,1
Helianthemum syriacum,1,1,1,S,1,0,1,0
Helianthemum violaceum,0,1,0,S,1,0,1,0
Helianthemum viscidulum,0,1,0,N,#N/A,#N/A,#N/A,#N/A
Helichrysum italicum picardii,0,0,1,#N/A,#N/A,#N/A,#N/A,#N/A
Helichrysum italicum serotinum,1,1,0,S,1,1,1,1
Helichrysum stoechas,1,1,1,N,#N/A,#N/A,#N/A,#N/A
Helictotrichon filifolium filifolium,0,1,0,S,1,1,1,1
Helleborus foetidus,1,1,0,S,1,1,1,1
Herniaria baetica,1,0,0,#N/A,#N/A,#N/A,#N/A,#N/A
Herniaria fontanesii almeriana,0,1,0,N,#N/A,#N/A,#N/A,#N/A
Herniaria scabrida scabrida,1,0,0,#N/A,#N/A,#N/A,#N/A,#N/A
Hippocrepis bourgaei,0,1,0,N,#N/A,#N/A,#N/A,#N/A
Hippocrepis comosa,1,0,0,#N/A,#N/A,#N/A,#N/A,#N/A
Hippocrepis eriocarpa,0,1,0,N,#N/A,#N/A,#N/A,#N/A
Hippocrepis fruticescens,0,1,0,N,#N/A,#N/A,#N/A,#N/A
Hippocrepis nevadensis,0,1,0,S,1,1,1,1
Hippocrepis prostrata,0,1,0,S,1,1,1,1
Hippocrepis rupestris,0,1,1,N,#N/A,#N/A,#N/A,#N/A
Hippocrepis scabra,0,1,0,N,#N/A,#N/A,#N/A,#N/A
Hippocrepis scabra baetica,1,0,0,#N/A,#N/A,#N/A,#N/A,#N/A
Hormathophylla lapeyrousiana angustifolia,0,1,0,N,#N/A,#N/A,#N/A,#N/A
Hormathophylla longicaulis,1,1,0,S,1,1,1,1
Hormathophylla spinosa,1,1,0,S,1,1,1,1
Hyoseris radiata,1,0,1,#N/A,#N/A,#N/A,#N/A,#N/A
Hypericum ericoides,0,1,0,N,#N/A,#N/A,#N/A,#N/A
Hypericum humifusum,0,0,1,#N/A,#N/A,#N/A,#N/A,#N/A
Hyssopus officinalis pilifer,0,1,0,N,#N/A,#N/A,#N/A,#N/A
Iberis saxatilis cinerea,0,1,0,S,1,1,1,1
Ilex aquifolium,1,1,0,S,1,1,1,1
Jasminum fruticans,1,1,1,S,1,1,1,1
Juniperus communis,1,0,0,#N/A,#N/A,#N/A,#N/A,#N/A
Juniperus communis alpina,0,1,0,S,1,1,0,0
Juniperus communis hemisphaerica,0,1,0,S,1,1,0,0
Juniperus oxycedrus,1,0,0,#N/A,#N/A,#N/A,#N/A,#N/A
Juniperus oxycedrus macrocarpa,0,0,1,#N/A,#N/A,#N/A,#N/A,#N/A
Juniperus oxycedrus oxycedrus,0,1,1,S,1,1,0,0
Juniperus phoenicea,1,1,0,S,1,1,1,0
Juniperus phoenicea turbinata,0,0,1,#N/A,#N/A,#N/A,#N/A,#N/A
Juniperus sabina,1,1,0,S,1,1,1,0
Jurinea humilis,1,0,0,#N/A,#N/A,#N/A,#N/A,#N/A
Jurinea pinnata,1,0,0,#N/A,#N/A,#N/A,#N/A,#N/A
Kundmannia sicula,1,0,1,#N/A,#N/A,#N/A,#N/A,#N/A
Lactuca tenerrima,1,1,0,S,1,1,1,1
Lathyrus latifolius,1,0,0,#N/A,#N/A,#N/A,#N/A,#N/A
Lathyrus nudicaulis,0,0,1,#N/A,#N/A,#N/A,#N/A,#N/A
Launaea fragilis,0,1,0,N,#N/A,#N/A,#N/A,#N/A
Launaea lanifera,0,1,0,S,1,1,1,1
Laurus nobilis,1,0,0,#N/A,#N/A,#N/A,#N/A,#N/A
Lavandula lanata,1,1,0,S,1,1,1,1
Lavandula latifolia,0,1,0,N,#N/A,#N/A,#N/A,#N/A
Lavandula multifida,1,1,0,S,1,1,0,0
Lavandula peduncula,0,1,0,N,#N/A,#N/A,#N/A,#N/A
Lavandula stoechas,0,1,1,S,1,1,1,1
Lavandula stoechas stoechas,1,0,0,#N/A,#N/A,#N/A,#N/A,#N/A
Lavatera arborea,0,1,0,N,#N/A,#N/A,#N/A,#N/A
Lavatera maritima,0,1,0,N,#N/A,#N/A,#N/A,#N/A
Lavatera oblongifolia,0,1,0,S,1,1,1,1
Leontodon tingitanus,1,0,0,#N/A,#N/A,#N/A,#N/A,#N/A
Lepidium calycotrichum,1,0,0,#N/A,#N/A,#N/A,#N/A,#N/A
Lepidium hirtum calycotrichum,1,0,0,#N/A,#N/A,#N/A,#N/A,#N/A
Lepidium subulatum,0,0,1,#N/A,#N/A,#N/A,#N/A,#N/A
Linaria glacialis,0,1,0,N,#N/A,#N/A,#N/A,#N/A
Linum narbonense,1,1,0,S,1,1,1,1
Linum suffruticosum,0,1,0,S,1,1,1,1
Linum suffruticosum carratracensis,1,0,0,#N/A,#N/A,#N/A,#N/A,#N/A
Linum suffruticosum suffruticosum,1,0,0,#N/A,#N/A,#N/A,#N/A,#N/A
Lithodora fruticosa,1,1,0,S,1,1,0,0
Lithodora prostrata lusitanica,1,0,0,#N/A,#N/A,#N/A,#N/A,#N/A
Lobularia maritima maritima,1,1,1,S,1,1,1,1
Lomelosia pulsatilloides pulsatilloides,0,1,0,N,#N/A,#N/A,#N/A,#N/A
Lonicera arborea,0,1,0,S,1,1,1,1
Lonicera biflora,0,1,0,N,#N/A,#N/A,#N/A,#N/A
Lonicera etrusca,1,1,0,S,1,1,1,1
Lonicera implexa,1,1,1,N,#N/A,#N/A,#N/A,#N/A
Lonicera periclymenum hispanica,1,1,1,S,1,1,1,1
Lonicera splendida,1,1,0,S,1,1,1,1
Lonicera xylosteum,0,1,0,S,1,1,1,1
Lotus creticus,0,0,1,#N/A,#N/A,#N/A,#N/A,#N/A
Lycium europaeum,0,1,1,N,#N/A,#N/A,#N/A,#N/A
Lythrum salicaria,1,0,1,#N/A,#N/A,#N/A,#N/A,#N/A
Macrochloa tenacissima,0,1,0,S,1,1,1,1
Malcolmia littorea,0,0,1,#N/A,#N/A,#N/A,#N/A,#N/A
Malcolmia triloba,0,0,1,#N/A,#N/A,#N/A,#N/A,#N/A
Malus sylvestris,0,1,0,S,1,1,1,1
Marrubium alysson,0,1,0,N,#N/A,#N/A,#N/A,#N/A
Marrubium supinum,0,1,0,S,1,1,1,1
Marrubium vulgare,1,1,1,N,#N/A,#N/A,#N/A,#N/A
Medicago marina,0,0,1,#N/A,#N/A,#N/A,#N/A,#N/A
Mentha pulegium,1,0,1,#N/A,#N/A,#N/A,#N/A,#N/A
Mentha suaveolens,1,0,1,#N/A,#N/A,#N/A,#N/A,#N/A
Mercurialis elliptica,0,0,1,#N/A,#N/A,#N/A,#N/A,#N/A
Mercurialis tomentosa,1,1,1,S,1,0,1,0
Micromeria graeca,1,0,0,#N/A,#N/A,#N/A,#N/A,#N/A
Micromeria graeca graeca,0,1,1,S,1,0,0,0
Myrtus communis,1,0,1,#N/A,#N/A,#N/A,#N/A,#N/A
Nerium oleander,1,1,1,S,1,1,1,1
Nevadensia purpurea,0,1,0,S,1,1,1,1
Nicotiana glauca,1,0,0,#N/A,#N/A,#N/A,#N/A,#N/A
Odontites bolligeri,0,1,0,N,#N/A,#N/A,#N/A,#N/A
Olea europaea,0,1,1,S,1,1,1,1
Olea europea europea,1,0,0,#N/A,#N/A,#N/A,#N/A,#N/A
Olea europea sylvestris,1,0,0,#N/A,#N/A,#N/A,#N/A,#N/A
Onobrychis argentea argentea,0,1,0,S,1,1,1,1
Onobrychis argentea hispanica,0,1,0,N,#N/A,#N/A,#N/A,#N/A
Onobrychis humilis humilis,0,0,1,#N/A,#N/A,#N/A,#N/A,#N/A
Onobrychis peduncularis,1,0,0,#N/A,#N/A,#N/A,#N/A,#N/A
Ononis aragonensis,0,1,0,S,1,1,1,1
Ononis cephalotes,0,1,0,N,#N/A,#N/A,#N/A,#N/A
Ononis cristata,0,1,0,N,#N/A,#N/A,#N/A,#N/A
Ononis minutissima,1,0,1,#N/A,#N/A,#N/A,#N/A,#N/A
Ononis natrix,1,1,1,S,1,1,1,1
Ononis pusilla,1,0,0,#N/A,#N/A,#N/A,#N/A,#N/A
Ononis pusilla pusilla,0,1,0,S,1,1,1,1
Ononis ramosissima,0,0,1,#N/A,#N/A,#N/A,#N/A,#N/A
Ononis reuteri,1,0,0,#N/A,#N/A,#N/A,#N/A,#N/A
Ononis rotundifolia,0,1,0,S,1,1,1,1
Ononis saxicola,1,0,0,#N/A,#N/A,#N/A,#N/A,#N/A
Ononis speciosa,1,1,0,S,1,1,1,1
Ononis spinosa australis,0,1,1,S,1,1,1,1
Origanum virens,1,0,1,#N/A,#N/A,#N/A,#N/A,#N/A
Osyris alba,1,1,1,S,1,1,1,1
Osyris lanceolata,1,1,1,S,1,1,1,1
Otanthus maritimus,0,0,1,#N/A,#N/A,#N/A,#N/A,#N/A
Parietaria judaica,1,1,1,S,1,1,1,Hongo
Paronychia aretioides,0,1,0,S,1,1,1,1
Paronychia argentea,1,0,1,#N/A,#N/A,#N/A,#N/A,#N/A
Paronychia capitata,1,0,0,#N/A,#N/A,#N/A,#N/A,#N/A
Paronychia suffruticosa,1,0,0,#N/A,#N/A,#N/A,#N/A,#N/A
Paronychia suffruticosa hirsuta,0,1,0,N,#N/A,#N/A,#N/A,#N/A
Paronychia suffruticosa suffruticosa,0,1,0,S,1,1,1,1
Peganum harmala,0,1,0,S,1,1,1,Hongo 
Petrorhagia saxifraga,1,0,0,#N/A,#N/A,#N/A,#N/A,#N/A
Peucedanum lancifolium,0,0,1,#N/A,#N/A,#N/A,#N/A,#N/A
Phagnalon rupestre,1,1,1,S,1,1,1,1
Phagnalon saxatile,1,1,1,S,1,1,1,1
Phagnalon sordidum,1,1,0,S,1,1,1,1
Phillyrea angustifolia,0,1,1,N,#N/A,#N/A,#N/A,#N/A
Phillyrea latifolia,0,1,1,N,#N/A,#N/A,#N/A,#N/A
Phlomis composita,1,0,0,#N/A,#N/A,#N/A,#N/A,#N/A
Phlomis crinita,1,0,0,#N/A,#N/A,#N/A,#N/A,#N/A
Phlomis crinita malacitana,1,1,0,S,1,1,1,1
Phlomis lychnitis,1,1,1,S,1,1,1,1
Phlomis purpurea,1,1,1,S,1,1,1,1
Phonus arborescens,0,1,0,S,1,1,1,1
Phyllirea angustifolia,1,0,0,#N/A,#N/A,#N/A,#N/A,#N/A
Phyllirea latifolia,1,0,0,#N/A,#N/A,#N/A,#N/A,#N/A
Phyllirea media,1,0,0,#N/A,#N/A,#N/A,#N/A,#N/A
Pimpinella villosa,1,0,1,#N/A,#N/A,#N/A,#N/A,#N/A
Pinus halepensis,1,1,1,S,1,1,0,0
Pinus nigra,1,0,0,#N/A,#N/A,#N/A,#N/A,#N/A
Pinus nigra salzmannii,0,1,0,S,1,1,0,0
Pinus pinaster,1,1,1,S,1,1,0,0
Pinus pinea,1,0,1,#N/A,#N/A,#N/A,#N/A,#N/A
Pinus radiata,1,0,0,#N/A,#N/A,#N/A,#N/A,#N/A
Pinus sylvestris,1,1,0,S,1,1,0,0
Pistacia lentiscus,1,1,1,N,#N/A,#N/A,#N/A,#N/A
Pistacia terebinthus,1,1,0,S,1,1,1,1
Plantago albicans,1,0,1,#N/A,#N/A,#N/A,#N/A,#N/A
Plantago algarbiensis,0,0,1,#N/A,#N/A,#N/A,#N/A,#N/A
Plantago holosteum,0,1,0,S,1,1,1,1
Plantago macrorhiza,0,0,1,#N/A,#N/A,#N/A,#N/A,#N/A
Plantago sempervirens,0,1,0,S,1,1,1,1
Plumbago europaea,0,1,1,S,1,1,1,1
Polygala baetica,1,0,1,#N/A,#N/A,#N/A,#N/A,#N/A
Polygala boissieri,0,1,0,S,1,1,1,1
Polygala rupestris,1,1,0,S,1,1,1,1
Polygala vulgaris vulgaris,0,0,1,#N/A,#N/A,#N/A,#N/A,#N/A
Polygonum equisetiforme,1,0,1,#N/A,#N/A,#N/A,#N/A,#N/A
Polygonum maritimum,0,0,1,#N/A,#N/A,#N/A,#N/A,#N/A
Populus alba,1,1,1,S,0,0,0,0
Populus nigra,1,0,0,#N/A,#N/A,#N/A,#N/A,#N/A
Potentilla caulescens,1,1,0,S,#N/A,#N/A,#N/A,#N/A
Potentilla nevadensis,0,1,0,S,#N/A,#N/A,#N/A,#N/A
Prasium majus,0,0,1,#N/A,#N/A,#N/A,#N/A,#N/A
Prunus avium,0,1,0,S,#N/A,#N/A,#N/A,#N/A
Prunus dulcis,1,0,0,#N/A,#N/A,#N/A,#N/A,#N/A
Prunus insititia,1,1,0,S,1,1,1,1
Prunus mahaleb,1,1,0,S,1,1,1,1
Prunus prostrata,1,1,0,S,1,0,1,0
Prunus ramburii,0,1,0,S,1,1,1,1
Prunus spinosa,1,1,0,N,#N/A,#N/A,#N/A,#N/A
Pterocephalus spathulatus,0,1,0,N,#N/A,#N/A,#N/A,#N/A
Ptilostemon hispanicus,1,1,0,S,1,1,1,1
Punica granatum,1,0,0,#N/A,#N/A,#N/A,#N/A,#N/A
Putoria calabrica,1,1,0,S,1,1,1,1
Pycnocomon rutifolium,0,0,1,#N/A,#N/A,#N/A,#N/A,#N/A
Pyrus bourgaeana,0,0,1,#N/A,#N/A,#N/A,#N/A,#N/A
Pyrus bourgeana,1,0,0,#N/A,#N/A,#N/A,#N/A,#N/A
Quercus alpestris,1,0,0,#N/A,#N/A,#N/A,#N/A,#N/A
Quercus canariensis,1,0,0,#N/A,#N/A,#N/A,#N/A,#N/A
Quercus coccifera,1,1,1,S,1,1,1,1
Quercus faginea broteroi,1,1,0,N,#N/A,#N/A,#N/A,#N/A
Quercus faginea faginea,1,1,1,S,1,1,1,1
Quercus ilex ballota,1,0,0,#N/A,#N/A,#N/A,#N/A,#N/A
Quercus pyrenaica,1,1,0,S,1,1,1,1
Quercus rotundifolia,0,1,1,S,1,1,1,1
Quercus suber,1,1,1,S,1,1,1,1
Quercus x morisii,1,0,0,#N/A,#N/A,#N/A,#N/A,#N/A
Retama monosperma,0,0,1,#N/A,#N/A,#N/A,#N/A,#N/A
Retama sphaerocarpa,1,1,1,S,1,1,1,1
Rhamnus alaternus,1,1,1,S,1,1,1,1
Rhamnus cathartica,0,1,0,S,1,1,1,1
Rhamnus lycioides lycioides,0,1,0,S,1,1,1,1
Rhamnus lycioides oleoides,1,1,1,S,1,1,1,1
Rhamnus lycioides velutina,0,1,0,S,1,1,1,1
Rhamnus lycioides velutinus,1,0,0,#N/A,#N/A,#N/A,#N/A,#N/A
Rhamnus myrtifolia,0,1,0,S,1,1,1,1
Rhamnus myrtifolius,1,0,0,#N/A,#N/A,#N/A,#N/A,#N/A
Rhamnus pumila,1,1,0,S,1,1,1,1
Rhamnus saxatilis,1,1,0,S,1,1,1,1
Rhodalsine geniculata,0,0,1,#N/A,#N/A,#N/A,#N/A,#N/A
Rhus coriaria,1,1,1,N,#N/A,#N/A,#N/A,#N/A
Ribes alpinum,0,1,0,N,#N/A,#N/A,#N/A,#N/A
Ribes uvacrispa,0,1,0,S,1,1,0,0
Rosa agrestis,0,1,0,S,1,1,1,1
Rosa andegavensis,1,0,0,#N/A,#N/A,#N/A,#N/A,#N/A
Rosa blondaeana,1,0,0,#N/A,#N/A,#N/A,#N/A,#N/A
Rosa canina,1,1,1,S,1,1,1,1
Rosa dumalis,0,1,0,N,#N/A,#N/A,#N/A,#N/A
Rosa micrantha,1,1,0,N,#N/A,#N/A,#N/A,#N/A
Rosa pimpinellifolia,0,1,0,N,#N/A,#N/A,#N/A,#N/A
Rosa pouzinii,1,1,0,N,#N/A,#N/A,#N/A,#N/A
Rosa sempervirens,1,0,1,#N/A,#N/A,#N/A,#N/A,#N/A
Rosa sicula,1,1,0,S,1,1,1,1
Rosa sicula x Rosa canina,1,0,0,#N/A,#N/A,#N/A,#N/A,#N/A
Rosa squarrosa,1,0,0,#N/A,#N/A,#N/A,#N/A,#N/A
Rosa stylosa,0,1,0,N,#N/A,#N/A,#N/A,#N/A
Rosa villosa,0,1,0,N,#N/A,#N/A,#N/A,#N/A
Rosmarinus officinalis,1,1,1,S,1,1,1,1
Rubia agostinhoi,1,0,1,#N/A,#N/A,#N/A,#N/A,#N/A
Rubia peregrina,1,1,1,S,1,1,1,1
Rubus caesius,0,0,1,#N/A,#N/A,#N/A,#N/A,#N/A
Rubus ulmifolius,1,1,1,S,1,1,1,1
Rumex acetosella angiocarpus,1,0,0,#N/A,#N/A,#N/A,#N/A,#N/A
Rumex induratus,0,1,0,S,1,1,1,1
Rumex intermedius,1,1,0,N,#N/A,#N/A,#N/A,#N/A
Rumex papillaris,0,1,0,N,#N/A,#N/A,#N/A,#N/A
Rumex scutatus,0,1,0,N,#N/A,#N/A,#N/A,#N/A
Rumex thyrsoides,0,0,1,#N/A,#N/A,#N/A,#N/A,#N/A
Ruscus aculeatus,1,1,1,S,1,1,1,0
Ruta angustifolia,1,1,1,S,1,1,1,1
Ruta chalepensis,0,1,1,S,1,1,1,1
Ruta montana,0,1,1,S,1,1,1,1
Salix alba,1,1,1,S,1,1,1,1
Salix atrocinerea,1,1,1,S,1,1,1,1
Salix caprea,0,1,0,S,1,1,1,1
Salix elaeagnos angustifolia,0,1,0,S,1,1,1,1
Salix eleagnos,1,0,0,#N/A,#N/A,#N/A,#N/A,#N/A
Salix fragilis,1,1,1,N,#N/A,#N/A,#N/A,#N/A
Salix hastata sierranevadae,0,1,0,S,#N/A,#N/A,#N/A,#N/A
Salix neotricha,0,1,0,N,#N/A,#N/A,#N/A,#N/A
Salix pedicellata,1,1,1,S,1,1,1,1
Salix purpurea,1,1,1,S,1,1,1,1
Salix triandra discolor,0,1,0,N,#N/A,#N/A,#N/A,#N/A
Salsola genistoides,0,1,0,S,1,1,1,1
Salsola oppositifolia,0,1,1,S,1,1,1,1
Salsola vermiculata,0,0,1,#N/A,#N/A,#N/A,#N/A,#N/A
Salvia candelabrum,1,1,0,S,1,1,1,1
Salvia lavandulifolia,1,0,0,#N/A,#N/A,#N/A,#N/A,#N/A
Salvia lavandulifolia vellerea,0,1,0,S,1,1,1,1
Sambucus nigra,1,1,0,S,1,1,1,1
Sanguisorba rupicola,0,1,0,S,1,1,1,1
Sanguisorba verrucosa,1,0,1,#N/A,#N/A,#N/A,#N/A,#N/A
Santolina canescens,1,0,0,#N/A,#N/A,#N/A,#N/A,#N/A
Santolina chamaecyparissus chamaecyparissus,1,0,0,#N/A,#N/A,#N/A,#N/A,#N/A
Santolina chamaecyparissus squarrosa,0,1,0,S,1,1,1,0
Santolina elegans,0,1,0,S,1,1,1,1
Santolina rosmarinifolia canescens,0,1,0,S,1,1,1,1
Santolina rosmarinifolia pectinata,0,1,0,S,#N/A,#N/A,#N/A,#N/A
Saponaria officinalis,0,0,1,#N/A,#N/A,#N/A,#N/A,#N/A
Sarcocapnos enneaphylla,0,1,0,S,1,1,1,1
Sarcocapnos pulcherrima,0,1,0,N,#N/A,#N/A,#N/A,#N/A
Sarcocapnos speciosa,0,1,0,S,1,1,1,1
Sarcocornia fruticosa,0,0,1,#N/A,#N/A,#N/A,#N/A,#N/A
Sarcocornia perennis alpini,0,0,1,#N/A,#N/A,#N/A,#N/A,#N/A
Sarcocornia perennis perennis,0,0,1,#N/A,#N/A,#N/A,#N/A,#N/A
Satureja intricata,0,1,0,S,1,1,1,1
Satureja obovata,0,1,0,S,1,1,1,1
Satureja obovata obovata,1,0,0,#N/A,#N/A,#N/A,#N/A,#N/A
Saxifraga erioblasta,0,1,0,S,1,1,1,1
Saxifraga nevadensis,0,1,0,S,1,1,1,1
Saxifraga oppositifolia oppositifolia,0,1,0,N,#N/A,#N/A,#N/A,#N/A
Saxifraga stellaris robusta,0,1,0,N,#N/A,#N/A,#N/A,#N/A
Saxifraga trabutiana,0,1,0,S,1,1,1,1
Scabiosa turolensis grosii,1,0,0,#N/A,#N/A,#N/A,#N/A,#N/A
Scleranthus pereniis,1,0,0,#N/A,#N/A,#N/A,#N/A,#N/A
Scrophularia canina,1,0,0,#N/A,#N/A,#N/A,#N/A,#N/A
Scrophularia canina canina,1,1,1,S,1,1,1,0
Scrophularia crithmifolia,0,1,0,N,#N/A,#N/A,#N/A,#N/A
Scrophularia frutescens,0,0,1,#N/A,#N/A,#N/A,#N/A,#N/A
Sedum acre,1,1,0,S,1,1,0,0
Sedum album,1,1,1,S,1,1,1,1
Sedum amplexicaule,0,1,0,N,#N/A,#N/A,#N/A,#N/A
Sedum brevifolium,1,1,0,S,1,1,1,1
Sedum dasyphyllum,1,1,0,S,1,0,1,0
Sedum forsterianum,0,1,0,S,1,1,0,0
Sedum gypsicola,0,1,0,N,#N/A,#N/A,#N/A,#N/A
Sedum hirsutum hirsutum,0,1,0,N,#N/A,#N/A,#N/A,#N/A
Sedum melanantherum,0,1,0,S,1,1,1,1
Sedum sediforme,1,1,1,S,1,1,0,0
Sedum villosum villosum,0,1,0,N,#N/A,#N/A,#N/A,#N/A
Sempervivum minutum,0,1,0,S,1,1,0,0
Sempervivum tectorum,0,1,0,S,1,1,0,0
Senecio boissieri,0,1,0,S,1,1,1,1
Senecio malacitanus,0,1,0,S,1,1,1,1
Senecio nevadensis,0,1,0,S,1,1,1,1
Senecio quinqueradiatus,0,1,0,S,1,1,1,1
Sesamoides purpurascens,1,0,0,#N/A,#N/A,#N/A,#N/A,#N/A
Sesamoides purpurascens prostrata,0,1,0,S,1,0,1,0
Sesamoides purpurascens purpurascens,0,0,1,#N/A,#N/A,#N/A,#N/A,#N/A
Seseli montanum granatense,0,1,0,S,#N/A,#N/A,#N/A,#N/A
Sibbaldia procumbens,0,1,0,S,1,1,1,1
Sideritis arborescens,0,1,1,N,#N/A,#N/A,#N/A,#N/A
Sideritis carbonellii,0,1,0,S,1,1,1,1
Sideritis glacialis,0,1,0,S,1,1,1,1
Sideritis grandiflora,0,0,1,#N/A,#N/A,#N/A,#N/A,#N/A
Sideritis hirsuta,0,1,0,S,1,1,1,1
Sideritis incana,0,1,0,S,1,1,1,1
Sideritis incana occidentalis,1,0,0,#N/A,#N/A,#N/A,#N/A,#N/A
Sideritis lasiantha,0,1,0,S,1,1,1,1
Sideritis leucantha,0,1,0,N,#N/A,#N/A,#N/A,#N/A
Sideritis paulii,0,0,1,#N/A,#N/A,#N/A,#N/A,#N/A
Sideritis pusilla,0,1,0,S,1,1,1,1
Sideritis reverchonii,1,0,1,#N/A,#N/A,#N/A,#N/A,#N/A
Silene andryalifolia,1,0,0,#N/A,#N/A,#N/A,#N/A,#N/A
Silene fernandezii,1,0,0,#N/A,#N/A,#N/A,#N/A,#N/A
Silene mellifera,1,0,0,#N/A,#N/A,#N/A,#N/A,#N/A
Silene nutans nutans,1,0,0,#N/A,#N/A,#N/A,#N/A,#N/A
Silene obtusifolia,0,0,1,#N/A,#N/A,#N/A,#N/A,#N/A
Silene saxifraga,0,1,0,N,#N/A,#N/A,#N/A,#N/A
Silene vulgaris commutata,1,0,0,#N/A,#N/A,#N/A,#N/A,#N/A
Silene vulgaris vulgaris,0,0,1,#N/A,#N/A,#N/A,#N/A,#N/A
Smilax aspera,0,1,1,S,1,1,1,0
Smilax aspera altissima,1,0,0,#N/A,#N/A,#N/A,#N/A,#N/A
Smilax aspera aspera,1,0,0,#N/A,#N/A,#N/A,#N/A,#N/A
Solanum dulcamara,0,1,1,N,#N/A,#N/A,#N/A,#N/A
Solanum nigrum,1,0,1,#N/A,#N/A,#N/A,#N/A,#N/A
Sonchus tenerrimus,1,1,1,S,1,1,1,1
Sorbus aria,1,1,0,S,1,1,1,1
Sorbus hybrida,0,1,0,S,1,1,1,1
Sorbus torminalis,0,1,0,S,1,1,1,1
Spartium junceum,0,1,1,S,1,1,1,1
Spergularia fimbriata,0,0,1,#N/A,#N/A,#N/A,#N/A,#N/A
Spergularia maritima,0,0,1,#N/A,#N/A,#N/A,#N/A,#N/A
Spergularia media,0,0,1,#N/A,#N/A,#N/A,#N/A,#N/A
Spergularia nicaeensis,0,0,1,#N/A,#N/A,#N/A,#N/A,#N/A
Stachys circinata,1,0,0,#N/A,#N/A,#N/A,#N/A,#N/A
Staehelina baetica,1,0,0,#N/A,#N/A,#N/A,#N/A,#N/A
Staehelina dubia,1,1,1,S,1,1,1,1
Stauracanthus boivinii,0,0,1,#N/A,#N/A,#N/A,#N/A,#N/A
Stauracanthus genistoides,0,0,1,#N/A,#N/A,#N/A,#N/A,#N/A
Stipa tenacissima,1,0,0,#N/A,#N/A,#N/A,#N/A,#N/A
Suaeda vera,0,1,1,N,#N/A,#N/A,#N/A,#N/A
Tamarix africana,1,0,1,#N/A,#N/A,#N/A,#N/A,#N/A
Tamarix canariensis,0,1,1,S,1,1,1,1
Tamarix gallica,1,1,1,N,#N/A,#N/A,#N/A,#N/A
Tamarix parviflora,0,0,1,#N/A,#N/A,#N/A,#N/A,#N/A
Taxus baccata,1,1,0,S,1,1,0,0
Telephium imperati,1,0,0,#N/A,#N/A,#N/A,#N/A,#N/A
Teucrium aureum angustifolium,0,1,0,S,1,1,1,1
Teucrium bicoloreum,0,1,0,N,#N/A,#N/A,#N/A,#N/A
Teucrium capitatum capitatum,0,1,1,S,1,1,1,1
Teucrium capitatum gracillimum,0,1,0,S,1,1,1,1
Teucrium chrysotrichum,1,0,0,#N/A,#N/A,#N/A,#N/A,#N/A
Teucrium compactum,0,1,0,S,1,1,1,1
Teucrium eriocephalum eriocephalum,0,1,0,N,#N/A,#N/A,#N/A,#N/A
Teucrium fruticans,1,0,1,#N/A,#N/A,#N/A,#N/A,#N/A
Teucrium gnaphalodes,0,1,0,N,#N/A,#N/A,#N/A,#N/A
Teucrium haenseleri,1,0,1,#N/A,#N/A,#N/A,#N/A,#N/A
Teucrium lerrouxi,1,0,0,#N/A,#N/A,#N/A,#N/A,#N/A
Teucrium lusitanicum,1,0,0,#N/A,#N/A,#N/A,#N/A,#N/A
Teucrium lusitanicum lusitanicum,0,0,1,#N/A,#N/A,#N/A,#N/A,#N/A
Teucrium murcicum,0,1,0,S,1,1,1,0
Teucrium oxylepis,0,1,0,S,1,1,1,0
Teucrium pseudochamaepitys,0,1,1,S,1,1,1,0
Teucrium rixanense,1,0,0,#N/A,#N/A,#N/A,#N/A,#N/A
Teucrium rotundifolium,0,1,0,S,1,1,1,Hongo 
Teucrium scordium,0,1,0,N,#N/A,#N/A,#N/A,#N/A
Teucrium similatum,1,1,0,S,1,1,1,0
Teucrium webbianum,0,1,0,S,1,1,1,1
Thesium humifusum,1,0,0,#N/A,#N/A,#N/A,#N/A,#N/A
Thymbra capitata,1,1,1,S,1,1,1,1
Thymelaea argentata,1,1,0,S,1,0,0,0
Thymelaea hirsuta,1,1,1,S,1,1,0,0
Thymelaea lanuginosa,0,0,1,#N/A,#N/A,#N/A,#N/A,#N/A
Thymelaea pubescens elliptica,0,1,1,S,1,1,1,1
Thymelaea tartonraira austroiberica,0,1,0,S,1,1,0,0
Thymus albicans,0,0,1,#N/A,#N/A,#N/A,#N/A,#N/A
Thymus baeticus,1,1,1,S,1,1,1,1
Thymus carnosus,0,0,1,#N/A,#N/A,#N/A,#N/A,#N/A
Thymus granatensis granatensis,1,1,0,S,1,1,1,1
Thymus hyemalis hyemalis,0,1,0,N,#N/A,#N/A,#N/A,#N/A
Thymus longiflorus,0,1,0,N,#N/A,#N/A,#N/A,#N/A
Thymus mastichina donyanae,0,0,1,#N/A,#N/A,#N/A,#N/A,#N/A
Thymus mastichina mastichina,1,1,1,S,1,1,1,1
Thymus membranaceus,0,1,0,S,1,1,1,1
Thymus orospedanus,0,1,0,N,#N/A,#N/A,#N/A,#N/A
Thymus pulegioides,0,1,0,S,1,1,1,1
Thymus serpylloides gadorensis,0,1,0,S,1,1,1,1
Thymus serpylloides serpylloides,0,1,0,S,1,1,1,1
Thymus vulgaris vulgaris,0,0,1,#N/A,#N/A,#N/A,#N/A,#N/A
Thymus zygis gracilis,0,1,1,S,1,1,1,1
Thymus zygis sylvestris,0,0,1,#N/A,#N/A,#N/A,#N/A,#N/A
Trachelium caeruleum,1,0,0,#N/A,#N/A,#N/A,#N/A,#N/A
Trachelium caeruleum caeruleum,0,1,1,S,1,1,1,1
Ulex argenteus subsericeus,0,0,1,#N/A,#N/A,#N/A,#N/A,#N/A
Ulex australis australis,0,0,1,#N/A,#N/A,#N/A,#N/A,#N/A
Ulex baeticus baeticus,1,0,0,#N/A,#N/A,#N/A,#N/A,#N/A
Ulex baeticus bourgaeanus,1,0,0,#N/A,#N/A,#N/A,#N/A,#N/A
Ulex eriocladus,0,0,1,#N/A,#N/A,#N/A,#N/A,#N/A
Ulex minor,0,0,1,#N/A,#N/A,#N/A,#N/A,#N/A
Ulex parviflorus parviflorus,1,1,0,S,1,1,1,1
Ulmus minor,1,0,1,#N/A,#N/A,#N/A,#N/A,#N/A
Vaccinium uliginosum,0,1,0,N,#N/A,#N/A,#N/A,#N/A
Vella spinosa,1,1,0,S,0,0,0,0
Veronica fontqueri,1,0,0,#N/A,#N/A,#N/A,#N/A,#N/A
Veronica fruticans,0,1,0,N,#N/A,#N/A,#N/A,#N/A
Veronica scutellata,0,0,1,#N/A,#N/A,#N/A,#N/A,#N/A
Viburnum lantana,0,1,0,S,1,1,#N/A,#N/A
Viburnum tinus,1,1,0,S,1,1,1,1
Vicia cracca tenuifolia,1,0,0,#N/A,#N/A,#N/A,#N/A,#N/A
Vinca difformis,1,1,1,S,1,1,1,0
Viola arborescens,0,0,1,#N/A,#N/A,#N/A,#N/A,#N/A
Viscum cruciatum,1,0,1,#N/A,#N/A,#N/A,#N/A,#N/A
Vitex agnuscastus,0,1,0,S,#N/A,#N/A,#N/A,#N/A
Vitis sylvestris,0,0,1,#N/A,#N/A,#N/A,#N/A,#N/A
Vitis vinifera sylvestris,1,1,0,S,1,1,0,0
Withania somnifera,0,0,1,#N/A,#N/A,#N/A,#N/A,#N/A
Xolantha tuberaria,1,0,1,#N/A,#N/A,#N/A,#N/A,#N/A
